{"cameraMode":{"drawMode":0,"name":"Shaded","section":"Shading Mode"},"sceneLighting":true,"audioPlay":false,"sceneViewState":{"m_AlwaysRefresh":false,"showFog":true,"showSkybox":true,"showFlares":true,"showImageEffects":true,"showParticleSystems":true,"showVisualEffectGraphs":true,"m_FxEnabled":true},"in2DMode":false,"pivot":{"x":-2.1232759952545168,"y":1.4124600887298585,"z":-2.0277702808380129},"rotation":{"x":0.07679631561040878,"y":-0.9062690734863281,"z":0.18815387785434724,"w":0.3712974190711975},"size":4.42465877532959,"orthographic":true}